﻿<?xml version="1.0" encoding="utf-8"?><meta xmlns:xsi="http://www.w3.org/2001/XMLSchema-instance" xmlns:xsd="http://www.w3.org/2001/XMLSchema"><project id="5j2TT5W8fkv" courseid="5aMTKhRX1yR_course_id" thumburl="story_content/thumbnail.jpg" title="Genetika KELAS 12 SMA" datepublished="2024-11-07T04:30:21" version="1.0.0.0" flashdata="story_content/data.swf" html5data="mobile/data.json" mobiledata="mobile/data.gz" enabledownload="false" duration="About 101 minutes" totalaudio="0" totalvideo="1113659"><description>TUGAS MATA KULIAH</description><keywords /><slidemeta moniker="slide" monikerplural="slides" viewslides="54" slidecountdescription="54 slides" /><author name="HP" email="" website="" /><application name="Articulate Storyline" version="3.12.24693.0" xmlversion="4.0" /></project></meta>